IdAluno,MotivoInativacao
71,Outras prioridades/trabalho
132,Conflito com horário escolar / período integral
135,Falta de retorno as nossas tentativas de contato
157,Falta de retorno as nossas tentativas de contato
349,Mudou de bairro/cidade/distância
377,Mudou de bairro/cidade/distância
390,Conflito com horário escolar / período integral
425,Conflito com horário escolar / período integral
444,Conflito com horário escolar / período integral
452,Falta de retorno as nossas tentativas de contato
469,Mudou de bairro/cidade/distância
482,Mudou de bairro/cidade/distância
522,Falta de retorno as nossas tentativas de contato
528,Falta de retorno as nossas tentativas de contato
529,Falta de retorno as nossas tentativas de contato
533,Desinteresse / Falta de retorno
534,Falta de retorno as nossas tentativas de contato
541,Desinteresse / Falta de retorno
553,Falta de retorno as nossas tentativas de contato
605,Falta de retorno as nossas tentativas de contato
606,Falta de retorno as nossas tentativas de contato
611,Conflito com horário escolar / período integral
663,Mudou de bairro/cidade/distância
730,Desinteresse / Falta de retorno
741,Mudou de bairro/cidade/distância
778,Falta de retorno as nossas tentativas de contato
23,Falta de retorno as nossas tentativas de contato
88,Desinteresse / Falta de retorno
581,Desinteresse / Falta de retorno
694,Desinteresse / Falta de retorno
44,Falta de retorno as nossas tentativas de contato
795,Conflito com horário escolar / período integral
605,Desinteresse / Falta de retorno
606,Falta de retorno as nossas tentativas de contato
623,Conflito com horário escolar / período integral
720,Falta de retorno as nossas tentativas de contato
663,Mudou de bairro/cidade/distância
498,Desinteresse / Falta de retorno
23,Falta de retorno as nossas tentativas de contato
88,Desinteresse / Falta de retorno
694,Desinteresse / Falta de retorno
623,Conflito com horário escolar / período integral
720,Falta de retorno as nossas tentativas de contato
642,Mudou de bairro/cidade/distância
396,Outras prioridades/trabalho
465,Conhecimento acima da fase atual
634,Conhecimento acima da fase atual
496,Outras prioridades/trabalho
578,Conhecimento acima da fase atual
629,Conhecimento acima da fase atual
177,Mudou de bairro/cidade/distância
693,Falta de retorno as nossas tentativas de contato
78,Desinteresse / Falta de retorno
630,Falta de retorno as nossas tentativas de contato
383,Falta de retorno as nossas tentativas de contato
480,Falta de retorno as nossas tentativas de contato
200,Conflito com horário escolar / período integral
212,Não se adaptou as aulas/não acompanhou
777,Falta de retorno as nossas tentativas de contato
627,Mudou de bairro/cidade/distância
572,Conhecimento acima da fase atual
362,Conhecimento acima da fase atual
95,Outras prioridades/trabalho
648,Conflito com horário escolar / período integral
697,Mudou de bairro/cidade/distância
389,Falta de retorno as nossas tentativas de contato
733,Falta de retorno as nossas tentativas de contato
676,Conflito com horário escolar / período integral
539,Falta de retorno as nossas tentativas de contato
687,Falta de retorno as nossas tentativas de contato
102,Outras prioridades/trabalho
112,Falta de retorno as nossas tentativas de contato
519,Falta de retorno as nossas tentativas de contato
98,Outras prioridades/trabalho
658,Outras prioridades/trabalho
523,Falta de retorno as nossas tentativas de contato
667,Mudou de bairro/cidade/distância
530,Falta de retorno as nossas tentativas de contato
677,Mudou de bairro/cidade/distância
525,Mudou de bairro/cidade/distância
520,Falta de retorno as nossas tentativas de contato
768,Desinteresse / Falta de retorno
194,Falta de retorno as nossas tentativas de contato
315,Mudou de bairro/cidade/distância
173,Mudou de bairro/cidade/distância
374,Conhecimento acima da fase atual
591,Mudou de bairro/cidade/distância
769,Desinteresse / Falta de retorno
366,Conhecimento acima da fase atual
203,Não se adaptou as aulas/não acompanhou
189,Outras prioridades/trabalho
580,Conhecimento acima da fase atual
565,Desinteresse / Falta de retorno
683,Conflito com horário escolar / período integral
456,Falta de retorno as nossas tentativas de contato
114,Outras prioridades/trabalho
36,Outras prioridades/trabalho
15,Outras prioridades/trabalho
775,Desinteresse / Falta de retorno
787,Conhecimento acima da fase atual
272,Conhecimento acima da fase atual
547,Falta de retorno as nossas tentativas de contato
662,Conflito com horário escolar / período integral
237,Mudou de bairro/cidade/distância
797,Falta de retorno as nossas tentativas de contato
240,Conhecimento acima da fase atual
443,Mudou de bairro/cidade/distância
73,Outras prioridades/trabalho
554,Falta de retorno as nossas tentativas de contato
788,Falta de retorno as nossas tentativas de contato
746,Falta de retorno as nossas tentativas de contato
265,Falta de retorno as nossas tentativas de contato
69,Outras prioridades/trabalho
270,Conhecimento acima da fase atual
269,Conhecimento acima da fase atual
267,Conhecimento acima da fase atual
747,Falta de retorno as nossas tentativas de contato
239,Conhecimento acima da fase atual
234,Falta de retorno as nossas tentativas de contato
262,Mudou de bairro/cidade/distância
393,Falta de retorno as nossas tentativas de contato
236,Outras prioridades/trabalho
89,Outras prioridades/trabalho
258,Conhecimento acima da fase atual
323,Conflito com horário escolar / período integral
2,Falta de retorno as nossas tentativas de contato
279,Falta de retorno as nossas tentativas de contato
722,Falta de retorno as nossas tentativas de contato
244,Outras prioridades/trabalho
313,Mudou de bairro/cidade/distância
718,Mudou de bairro/cidade/distância
117,Falta de retorno as nossas tentativas de contato
302,Mudou de bairro/cidade/distância
660,Conhecimento acima da fase atual
368,Conflito com horário escolar / período integral
602,Conflito com horário escolar / período integral
160,Conflito com horário escolar / período integral
264,Mudou de bairro/cidade/distância
137,Falta de retorno as nossas tentativas de contato
298,Falta de retorno as nossas tentativas de contato
138,Conflito com horário escolar / período integral
388,Mudou de bairro/cidade/distância
363,Conhecimento acima da fase atual
719,Falta de retorno as nossas tentativas de contato
277,Conhecimento acima da fase atual
752,Outras prioridades/trabalho
772,Desinteresse / Falta de retorno
286,Mudou de bairro/cidade/distância
836,Falta de retorno as nossas tentativas de contato
838,Falta de retorno as nossas tentativas de contato
845,Desinteresse / Falta de retorno
847,Mudou de bairro/cidade/distância
849,Mudou de bairro/cidade/distância
852,Outras prioridades/trabalho
853,Falta de retorno as nossas tentativas de contato
855,Outras prioridades/trabalho
857,Falta de retorno as nossas tentativas de contato
870,Mudou de bairro/cidade/distância
871,Mudou de bairro/cidade/distância
880,Falta de retorno as nossas tentativas de contato
881,Mudou de bairro/cidade/distância
883,Mudou de bairro/cidade/distância
890,Outras prioridades/trabalho
901,Conflito com horário escolar / período integral
911,Mudou de bairro/cidade/distância
919,Outras prioridades/trabalho
749,Falta de retorno as nossas tentativas de contato
946,Mudou de bairro/cidade/distância
945,Falta de retorno as nossas tentativas de contato
751,Mudou de bairro/cidade/distância
585,Desinteresse / Falta de retorno
698,Falta de retorno as nossas tentativas de contato
863,Mudou de bairro/cidade/distância
934,Mudou de bairro/cidade/distância
937,Mudou de bairro/cidade/distância
951,Falta de retorno as nossas tentativas de contato
914,Conflito com horário escolar / período integral
884,Mudou de bairro/cidade/distância
922,Outras prioridades/trabalho
197,Falta de retorno as nossas tentativas de contato
950,Falta de retorno as nossas tentativas de contato
856,Conhecimento acima da fase atual
955,Mudou de bairro/cidade/distância
821,Conhecimento acima da fase atual
929,Conhecimento acima da fase atual
1055,Outras prioridades/trabalho
1064,Outras prioridades/trabalho
1041,Mudou de bairro/cidade/distância
466,Mudou de bairro/cidade/distância
216,Falta de retorno as nossas tentativas de contato
1057,Mudou de bairro/cidade/distância
353,Desinteresse / Falta de retorno
968,Outras prioridades/trabalho
1091,Falta de retorno as nossas tentativas de contato
318,Conflito com horário escolar / período integral
183,Outras prioridades/trabalho
1099,Mudou de bairro/cidade/distância
1098,Outras prioridades/trabalho
1115,Desinteresse / Falta de retorno
956,Mudou de bairro/cidade/distância
964,Desinteresse / Falta de retorno
427,Outras prioridades/trabalho
1010,Outras prioridades/trabalho
348,Conflito com horário escolar / período integral
953,Conflito com horário escolar / período integral
1004,Falta de retorno as nossas tentativas de contato
973,Desinteresse / Falta de retorno
1092,Falta de retorno as nossas tentativas de contato
1005,Falta de retorno as nossas tentativas de contato
959,Mudou de bairro/cidade/distância
1094,Falta de retorno as nossas tentativas de contato
1119,Outras prioridades/trabalho
1120,Outras prioridades/trabalho
970,Mudou de bairro/cidade/distância
1082,Mudou de bairro/cidade/distância
1071,Conflito com horário escolar / período integral
1088,Falta de retorno as nossas tentativas de contato
1065,Conflito com horário escolar / período integral
1090,Falta de retorno as nossas tentativas de contato
980,Falta de retorno as nossas tentativas de contato
1067,Outras prioridades/trabalho
1002,Falta de retorno as nossas tentativas de contato
1035,Mudou de bairro/cidade/distância
1014,Falta de retorno as nossas tentativas de contato
1015,Falta de retorno as nossas tentativas de contato
511,Falta de retorno as nossas tentativas de contato
361,Conflito com horário escolar / período integral
705,Mudou de bairro/cidade/distância
494,Conhecimento acima da fase atual
242,Desinteresse / Falta de retorno
579,Desinteresse / Falta de retorno
507,Mudou de bairro/cidade/distância
620,Conhecimento acima da fase atual
713,Mudou de bairro/cidade/distância
513,Conhecimento acima da fase atual
1072,Não se adaptou as aulas/não acompanhou
568,Mudou de bairro/cidade/distância
254,Falta de retorno as nossas tentativas de contato
636,Conflito com horário escolar / período integral
1077,Conflito com horário escolar / período integral
1073,Sem internet/celular para aula EAD
419,Mudou de bairro/cidade/distância
183,Outras prioridades/trabalho
318,Conflito com horário escolar / período integral
530,Falta de retorno as nossas tentativas de contato
315,Mudou de bairro/cidade/distância
194,Falta de retorno as nossas tentativas de contato
1099,Mudou de bairro/cidade/distância
1098,Outras prioridades/trabalho
519,Falta de retorno as nossas tentativas de contato
836,Falta de retorno as nossas tentativas de contato
525,Mudou de bairro/cidade/distância
956,Mudou de bairro/cidade/distância
1115,Desinteresse / Falta de retorno
600,Conhecimento acima da fase atual
939,Conhecimento acima da fase atual
964,Desinteresse / Falta de retorno
210,Conhecimento acima da fase atual
209,Conhecimento acima da fase atual
911,Mudou de bairro/cidade/distância
393,Falta de retorno as nossas tentativas de contato
1055,Outras prioridades/trabalho
298,Falta de retorno as nossas tentativas de contato
115,Falta de retorno as nossas tentativas de contato
443,Mudou de bairro/cidade/distância
845,Desinteresse / Falta de retorno
890,Outras prioridades/trabalho
384,Mudou de bairro/cidade/distância
912,Falta de retorno as nossas tentativas de contato
348,Mudou de bairro/cidade/distância
419,Mudou de bairro/cidade/distância
1120,Outras prioridades/trabalho
1119,Outras prioridades/trabalho
1010,Outras prioridades/trabalho
427,Outras prioridades/trabalho
539,Falta de retorno as nossas tentativas de contato
955,Mudou de bairro/cidade/distância
466,Mudou de bairro/cidade/distância
967,Outras prioridades/trabalho
1057,Mudou de bairro/cidade/distância
117,Falta de retorno as nossas tentativas de contato
857,Falta de retorno as nossas tentativas de contato
853,Falta de retorno as nossas tentativas de contato
102,Conflito com horário escolar / período integral
112,Falta de retorno as nossas tentativas de contato
36,Outras prioridades/trabalho
69,Outras prioridades/trabalho
752,Outras prioridades/trabalho
115,Falta de retorno as nossas tentativas de contato
585,Desinteresse / Falta de retorno
1064,Outras prioridades/trabalho
945,Falta de retorno as nossas tentativas de contato
254,Falta de retorno as nossas tentativas de contato
244,Outras prioridades/trabalho
197,Falta de retorno as nossas tentativas de contato
1091,Falta de retorno as nossas tentativas de contato
968,Outras prioridades/trabalho
353,Desinteresse / Falta de retorno
950,Falta de retorno as nossas tentativas de contato
1118,Falta de retorno as nossas tentativas de contato
345,Mudou de bairro/cidade/distância
335,Falta de retorno as nossas tentativas de contato
488,Conhecimento acima da fase atual
1086,Desinteresse / Falta de retorno
882,Conflito com horário escolar / período integral
508,Conhecimento acima da fase atual
1076,Desinteresse / Falta de retorno
160,Conflito com horário escolar / período integral
114,Outras prioridades/trabalho
73,Outras prioridades/trabalho
89,Outras prioridades/trabalho
1097,Conflito com horário escolar / período integral
576,Conhecimento acima da fase atual
1086,Desinteresse / Falta de retorno
520,Falta de retorno as nossas tentativas de contato
579,Desinteresse / Falta de retorno
699,Mudou de bairro/cidade/distância
464,Mudou de bairro/cidade/distância
464,Mudou de bairro/cidade/distância
299,Mudou de bairro/cidade/distância
509,Falta de retorno as nossas tentativas de contato
242,Desinteresse / Falta de retorno
736,Desinteresse / Falta de retorno
1074,Conflito com horário escolar / período integral
538,Outras prioridades/trabalho
538,Outras prioridades/trabalho
362,Conhecimento acima da fase atual
838,Falta de retorno as nossas tentativas de contato
871,Mudou de bairro/cidade/distância
366,Conhecimento acima da fase atual
881,Mudou de bairro/cidade/distância
361,Conflito com horário escolar / período integral
372,Desinteresse / Falta de retorno
388,Mudou de bairro/cidade/distância
636,Conflito com horário escolar / período integral
384,Mudou de bairro/cidade/distância
374,Conhecimento acima da fase atual
847,Mudou de bairro/cidade/distância
363,Conhecimento acima da fase atual
387,Outras prioridades/trabalho
389,Falta de retorno as nossas tentativas de contato
849,Falta de retorno as nossas tentativas de contato
672,Não se adaptou as aulas/não acompanhou
1094,Falta de retorno as nossas tentativas de contato
677,Mudou de bairro/cidade/distância
385,Conflito com horário escolar / período integral
697,Mudou de bairro/cidade/distância
852,Outras prioridades/trabalho
946,Mudou de bairro/cidade/distância
959,Mudou de bairro/cidade/distância
580,Conhecimento acima da fase atual
578,Conhecimento acima da fase atual
465,Conhecimento acima da fase atual
719,Falta de retorno as nossas tentativas de contato
602,Conflito com horário escolar / período integral
368,Conflito com horário escolar / período integral
693,Falta de retorno as nossas tentativas de contato
705,Mudou de bairro/cidade/distância
396,Outras prioridades/trabalho
445,Conflito com horário escolar / período integral
1061,Conflito com horário escolar / período integral
362,Conhecimento acima da fase atual
838,Falta de retorno as nossas tentativas de contato
871,Mudou de bairro/cidade/distância
366,Conhecimento acima da fase atual
881,Mudou de bairro/cidade/distância
361,Conflito com horário escolar / período integral
372,Desinteresse / Falta de retorno
388,Mudou de bairro/cidade/distância
636,Conflito com horário escolar / período integral
384,Mudou de bairro/cidade/distância
374,Conhecimento acima da fase atual
847,Mudou de bairro/cidade/distância
363,Conhecimento acima da fase atual
387,Outras prioridades/trabalho
389,Falta de retorno as nossas tentativas de contato
849,Mudou de bairro/cidade/distância
672,Não se adaptou as aulas/não acompanhou
1094,Falta de retorno as nossas tentativas de contato
385,Conflito com horário escolar / período integral
697,Mudou de bairro/cidade/distância
852,Outras prioridades/trabalho
946,Mudou de bairro/cidade/distância
959,Mudou de bairro/cidade/distância
580,Conhecimento acima da fase atual
578,Conhecimento acima da fase atual
465,Conhecimento acima da fase atual
719,Falta de retorno as nossas tentativas de contato
602,Conflito com horário escolar / período integral
368,Conflito com horário escolar / período integral
693,Falta de retorno as nossas tentativas de contato
705,Mudou de bairro/cidade/distância
396,Outras prioridades/trabalho
445,Conflito com horário escolar / período integral
1061,Conflito com horário escolar / período integral
787,Conhecimento acima da fase atual
547,Falta de retorno as nossas tentativas de contato
488,Conhecimento acima da fase atual
788,Falta de retorno as nossas tentativas de contato
554,Falta de retorno as nossas tentativas de contato
486,Conhecimento acima da fase atual
494,Conhecimento acima da fase atual
797,Falta de retorno as nossas tentativas de contato
576,Conhecimento acima da fase atual
568,Mudou de bairro/cidade/distância
507,Mudou de bairro/cidade/distância
620,Conhecimento acima da fase atual
762,Mudou de bairro/cidade/distância
511,Falta de retorno as nossas tentativas de contato
912,Falta de retorno as nossas tentativas de contato
1097,Conflito com horário escolar / período integral
839,Conflito com horário escolar / período integral
883,Mudou de bairro/cidade/distância
514,Conhecimento acima da fase atual
627,Mudou de bairro/cidade/distância
383,Falta de retorno as nossas tentativas de contato
572,Conhecimento acima da fase atual
480,Falta de retorno as nossas tentativas de contato
787,Conhecimento acima da fase atual
547,Falta de retorno as nossas tentativas de contato
488,Conhecimento acima da fase atual
788,Falta de retorno as nossas tentativas de contato
554,Falta de retorno as nossas tentativas de contato
486,Conhecimento acima da fase atual
494,Conhecimento acima da fase atual
797,Falta de retorno as nossas tentativas de contato
576,Conhecimento acima da fase atual
568,Mudou de bairro/cidade/distância
507,Mudou de bairro/cidade/distância
620,Conhecimento acima da fase atual
762,Mudou de bairro/cidade/distância
511,Falta de retorno as nossas tentativas de contato
912,Falta de retorno as nossas tentativas de contato
1097,Conflito com horário escolar / período integral
839,Conflito com horário escolar / período integral
883,Mudou de bairro/cidade/distância
514,Conhecimento acima da fase atual
627,Mudou de bairro/cidade/distância
383,Falta de retorno as nossas tentativas de contato
572,Conhecimento acima da fase atual
480,Falta de retorno as nossas tentativas de contato
953,Conflito com horário escolar / período integral
456,Falta de retorno as nossas tentativas de contato
1004,Falta de retorno as nossas tentativas de contato
189,Outras prioridades/trabalho
973,Desinteresse / Falta de retorno
821,Conhecimento acima da fase atual
258,Conhecimento acima da fase atual
398,Desinteresse / Falta de retorno
299,Mudou de bairro/cidade/distância
929,Conhecimento acima da fase atual
591,Mudou de bairro/cidade/distância
277,Conhecimento acima da fase atual
203,Não se adaptou as aulas/não acompanhou
323,Conflito com horário escolar / período integral
629,Conhecimento acima da fase atual
313,Mudou de bairro/cidade/distância
200,Conflito com horário escolar / período integral
212,Não se adaptou as aulas/não acompanhou
856,Conhecimento acima da fase atual
509,Falta de retorno as nossas tentativas de contato
209,Conhecimento acima da fase atual
210,Conhecimento acima da fase atual
1092,Falta de retorno as nossas tentativas de contato
265,Falta de retorno as nossas tentativas de contato
272,Conhecimento acima da fase atual
267,Conhecimento acima da fase atual
237,Mudou de bairro/cidade/distância
269,Conhecimento acima da fase atual
264,Mudou de bairro/cidade/distância
302,Mudou de bairro/cidade/distância
270,Conhecimento acima da fase atual
1072,Não se adaptou as aulas/não acompanhou
234,Falta de retorno as nossas tentativas de contato
236,Outras prioridades/trabalho
239,Conhecimento acima da fase atual
240,Conhecimento acima da fase atual
224,Conflito com horário escolar / período integral
1005,Falta de retorno as nossas tentativas de contato
777,Falta de retorno as nossas tentativas de contato
152,Falta de retorno as nossas tentativas de contato
152,Falta de retorno as nossas tentativas de contato
173,Mudou de bairro/cidade/distância
98,Outras prioridades/trabalho
244,Outras prioridades/trabalho
919,Outras prioridades/trabalho
115,Falta de retorno as nossas tentativas de contato
538,Outras prioridades/trabalho
144,Outras prioridades/trabalho
585,Desinteresse / Falta de retorno
1064,Outras prioridades/trabalho
1077,Não se adaptou as aulas/não acompanhou
945,Falta de retorno as nossas tentativas de contato
1086,Desinteresse / Falta de retorno
242,Desinteresse / Falta de retorno
1076,Desinteresse / Falta de retorno
254,Falta de retorno as nossas tentativas de contato
1073,Não se adaptou as aulas/não acompanhou
152,Falta de retorno as nossas tentativas de contato
117,Falta de retorno as nossas tentativas de contato
138,Conflito com horário escolar / período integral
857,Falta de retorno as nossas tentativas de contato
853,Falta de retorno as nossas tentativas de contato
173,Mudou de bairro/cidade/distância
98,Outras prioridades/trabalho
244,Outras prioridades/trabalho
919,Outras prioridades/trabalho
115,Falta de retorno as nossas tentativas de contato
538,Outras prioridades/trabalho
144,Outras prioridades/trabalho
585,Desinteresse / Falta de retorno
1064,Outras prioridades/trabalho
1077,Não se adaptou as aulas/não acompanhou
945,Falta de retorno as nossas tentativas de contato
1086,Desinteresse / Falta de retorno
242,Desinteresse / Falta de retorno
1076,Desinteresse / Falta de retorno
254,Falta de retorno as nossas tentativas de contato
1073,Não se adaptou as aulas/não acompanhou
152,Falta de retorno as nossas tentativas de contato
117,Falta de retorno as nossas tentativas de contato
138,Conflito com horário escolar / período integral
857,Falta de retorno as nossas tentativas de contato
853,Falta de retorno as nossas tentativas de contato
496,Outras prioridades/trabalho
1041,Mudou de bairro/cidade/distância
335,Falta de retorno as nossas tentativas de contato
275,Conflito com horário escolar / período integral
98,Outras prioridades/trabalho
15,Outras prioridades/trabalho
243,Falta de retorno as nossas tentativas de contato
523,Falta de retorno as nossas tentativas de contato
216,Falta de retorno as nossas tentativas de contato
880,Falta de retorno as nossas tentativas de contato
138,Conflito com horário escolar / período integral
262,Mudou de bairro/cidade/distância
919,Outras prioridades/trabalho
183,Outras prioridades/trabalho
318,Conflito com horário escolar / período integral
315,Mudou de bairro/cidade/distância
579,Desinteresse / Falta de retorno
279,Falta de retorno as nossas tentativas de contato
527,Mudou de bairro/cidade/distância
194,Falta de retorno as nossas tentativas de contato
1099,Mudou de bairro/cidade/distância
565,Desinteresse / Falta de retorno
1098,Outras prioridades/trabalho
733,Falta de retorno as nossas tentativas de contato
519,Falta de retorno as nossas tentativas de contato
530,Falta de retorno as nossas tentativas de contato
836,Falta de retorno as nossas tentativas de contato
525,Mudou de bairro/cidade/distância
520,Falta de retorno as nossas tentativas de contato
197,Falta de retorno as nossas tentativas de contato
1091,Falta de retorno as nossas tentativas de contato
968,Outras prioridades/trabalho
353,Desinteresse / Falta de retorno
950,Falta de retorno as nossas tentativas de contato
345,Mudou de bairro/cidade/distância
286,Mudou de bairro/cidade/distância
956,Mudou de bairro/cidade/distância
335,Falta de retorno as nossas tentativas de contato
1115,Desinteresse / Falta de retorno
964,Desinteresse / Falta de retorno
443,Mudou de bairro/cidade/distância
845,Desinteresse / Falta de retorno
419,Mudou de bairro/cidade/distância
262,Mudou de bairro/cidade/distância
890,Outras prioridades/trabalho
911,Mudou de bairro/cidade/distância
1055,Outras prioridades/trabalho
298,Falta de retorno as nossas tentativas de contato
348,Mudou de bairro/cidade/distância
1120,Outras prioridades/trabalho
1119,Outras prioridades/trabalho
1010,Outras prioridades/trabalho
427,Outras prioridades/trabalho
539,Falta de retorno as nossas tentativas de contato
160,Conflito com horário escolar / período integral
1118,Falta de retorno as nossas tentativas de contato
955,Mudou de bairro/cidade/distância
496,Outras prioridades/trabalho
523,Falta de retorno as nossas tentativas de contato
216,Falta de retorno as nossas tentativas de contato
880,Falta de retorno as nossas tentativas de contato
466,Mudou de bairro/cidade/distância
1041,Mudou de bairro/cidade/distância
177,Mudou de bairro/cidade/distância
464,Mudou de bairro/cidade/distância
1057,Mudou de bairro/cidade/distância
183,Outras prioridades/trabalho
318,Conflito com horário escolar / período integral
315,Mudou de bairro/cidade/distância
579,Desinteresse / Falta de retorno
279,Falta de retorno as nossas tentativas de contato
527,Mudou de bairro/cidade/distância
194,Falta de retorno as nossas tentativas de contato
1099,Mudou de bairro/cidade/distância
565,Desinteresse / Falta de retorno
1098,Outras prioridades/trabalho
733,Falta de retorno as nossas tentativas de contato
519,Falta de retorno as nossas tentativas de contato
530,Falta de retorno as nossas tentativas de contato
836,Falta de retorno as nossas tentativas de contato
525,Mudou de bairro/cidade/distância
520,Falta de retorno as nossas tentativas de contato
197,Falta de retorno as nossas tentativas de contato
1091,Falta de retorno as nossas tentativas de contato
968,Outras prioridades/trabalho
353,Desinteresse / Falta de retorno
950,Falta de retorno as nossas tentativas de contato
345,Mudou de bairro/cidade/distância
286,Mudou de bairro/cidade/distância
956,Mudou de bairro/cidade/distância
335,Falta de retorno as nossas tentativas de contato
1115,Desinteresse / Falta de retorno
964,Desinteresse / Falta de retorno
443,Mudou de bairro/cidade/distância
845,Desinteresse / Falta de retorno
419,Mudou de bairro/cidade/distância
262,Mudou de bairro/cidade/distância
890,Outras prioridades/trabalho
911,Mudou de bairro/cidade/distância
1055,Outras prioridades/trabalho
298,Falta de retorno as nossas tentativas de contato
348,Mudou de bairro/cidade/distância
1120,Outras prioridades/trabalho
1119,Outras prioridades/trabalho
1010,Outras prioridades/trabalho
427,Outras prioridades/trabalho
539,Falta de retorno as nossas tentativas de contato
160,Conflito com horário escolar / período integral
1118,Falta de retorno as nossas tentativas de contato
955,Mudou de bairro/cidade/distância
496,Outras prioridades/trabalho
523,Falta de retorno as nossas tentativas de contato
216,Falta de retorno as nossas tentativas de contato
880,Falta de retorno as nossas tentativas de contato
466,Mudou de bairro/cidade/distância
1041,Mudou de bairro/cidade/distância
177,Mudou de bairro/cidade/distância
464,Mudou de bairro/cidade/distância
1057,Mudou de bairro/cidade/distância
884,Mudou de bairro/cidade/distância
922,Outras prioridades/trabalho
1002,Falta de retorno as nossas tentativas de contato
648,Conflito com horário escolar / período integral
718,Mudou de bairro/cidade/distância
647,Outras prioridades/trabalho
699,Mudou de bairro/cidade/distância
667,Mudou de bairro/cidade/distância
687,Falta de retorno as nossas tentativas de contato
686,Mudou de bairro/cidade/distância
1067,Outras prioridades/trabalho
980,Falta de retorno as nossas tentativas de contato
1090,Falta de retorno as nossas tentativas de contato
683,Conflito com horário escolar / período integral
855,Outras prioridades/trabalho
870,Mudou de bairro/cidade/distância
713,Mudou de bairro/cidade/distância
658,Outras prioridades/trabalho
1074,Conflito com horário escolar / período integral
863,Mudou de bairro/cidade/distância
698,Falta de retorno as nossas tentativas de contato
937,Mudou de bairro/cidade/distância
934,Mudou de bairro/cidade/distância
642,Mudou de bairro/cidade/distância
634,Conhecimento acima da fase atual
901,Conflito com horário escolar / período integral
939,Conhecimento acima da fase atual
676,Conflito com horário escolar / período integral
600,Conhecimento acima da fase atual
951,Falta de retorno as nossas tentativas de contato
1035,Mudou de bairro/cidade/distância
1014,Falta de retorno as nossas tentativas de contato
1015,Falta de retorno as nossas tentativas de contato
722,Falta de retorno as nossas tentativas de contato
660,Conhecimento acima da fase atual
914,Conflito com horário escolar / período integral
630,Falta de retorno as nossas tentativas de contato
1088,Falta de retorno as nossas tentativas de contato
1082,Mudou de bairro/cidade/distância
1071,Conflito com horário escolar / período integral
1065,Conflito com horário escolar / período integral
882,Conflito com horário escolar / período integral
970,Mudou de bairro/cidade/distância
884,Mudou de bairro/cidade/distância
922,Outras prioridades/trabalho
1002,Falta de retorno as nossas tentativas de contato
648,Conflito com horário escolar / período integral
718,Mudou de bairro/cidade/distância
647,Outras prioridades/trabalho
699,Mudou de bairro/cidade/distância
667,Mudou de bairro/cidade/distância
687,Falta de retorno as nossas tentativas de contato
686,Mudou de bairro/cidade/distância
1067,Outras prioridades/trabalho
980,Falta de retorno as nossas tentativas de contato
1090,Falta de retorno as nossas tentativas de contato
683,Conflito com horário escolar / período integral
855,Outras prioridades/trabalho
870,Mudou de bairro/cidade/distância
658,Outras prioridades/trabalho
1074,Conflito com horário escolar / período integral
863,Mudou de bairro/cidade/distância
698,Falta de retorno as nossas tentativas de contato
937,Mudou de bairro/cidade/distância
934,Mudou de bairro/cidade/distância
642,Mudou de bairro/cidade/distância
634,Conhecimento acima da fase atual
901,Conflito com horário escolar / período integral
939,Conhecimento acima da fase atual
676,Conflito com horário escolar / período integral
600,Conhecimento acima da fase atual
951,Conflito com horário escolar / período integral
1035,Mudou de bairro/cidade/distância
1014,Falta de retorno as nossas tentativas de contato
1015,Falta de retorno as nossas tentativas de contato
722,Falta de retorno as nossas tentativas de contato
660,Conhecimento acima da fase atual
914,Conflito com horário escolar / período integral
630,Falta de retorno as nossas tentativas de contato
1088,Falta de retorno as nossas tentativas de contato
1082,Mudou de bairro/cidade/distância
1071,Conflito com horário escolar / período integral
882,Conflito com horário escolar / período integral
970,Mudou de bairro/cidade/distância
173,Mudou de bairro/cidade/distância
677,Mudou de bairro/cidade/distância
1092,Falta de retorno as nossas tentativas de contato
265,Falta de retorno as nossas tentativas de contato
267,Conhecimento acima da fase atual
237,Mudou de bairro/cidade/distância
264,Mudou de bairro/cidade/distância
302,Mudou de bairro/cidade/distância
1072,Não se adaptou as aulas/não acompanhou
234,Falta de retorno as nossas tentativas de contato
236,Outras prioridades/trabalho
239,Conhecimento acima da fase atual
240,Conhecimento acima da fase atual
224,Conflito com horário escolar / período integral
1005,Falta de retorno as nossas tentativas de contato
777,Falta de retorno as nossas tentativas de contato
953,Conflito com horário escolar / período integral
456,Falta de retorno as nossas tentativas de contato
1004,Falta de retorno as nossas tentativas de contato
189,Outras prioridades/trabalho
973,Desinteresse / Falta de retorno
821,Conhecimento acima da fase atual
398,Desinteresse / Falta de retorno
299,Mudou de bairro/cidade/distância
929,Conhecimento acima da fase atual
591,Mudou de bairro/cidade/distância
203,Não se adaptou as aulas/não acompanhou
323,Conflito com horário escolar / período integral
313,Mudou de bairro/cidade/distância
200,Conflito com horário escolar / período integral
212,Não se adaptou as aulas/não acompanhou
509,Falta de retorno as nossas tentativas de contato
967,Outras prioridades/trabalho
967,Outras prioridades/trabalho
967,Outras prioridades/trabalho
1061,Conflito com horário escolar / período integral
445,Conflito com horário escolar / período integral
393,Falta de retorno as nossas tentativas de contato
393,Falta de retorno as nossas tentativas de contato
387,Outras prioridades/trabalho
285,Conhecimento acima da fase atual
703,Mudou de bairro/cidade/distância
703,Mudou de bairro/cidade/distância
703,Mudou de bairro/cidade/distância
15,Outras prioridades/trabalho
98,Outras prioridades/trabalho
372,Desinteresse / Falta de retorno
175,Desinteresse / Falta de retorno
175,Desinteresse / Falta de retorno
175,Desinteresse / Falta de retorno
175,Desinteresse / Falta de retorno
286,Mudou de bairro/cidade/distância
427,Outras prioridades/trabalho
519,Falta de retorno as nossas tentativas de contato
967,Outras prioridades/trabalho
1064,Outras prioridades/trabalho
836,Falta de retorno as nossas tentativas de contato
1055,Outras prioridades/trabalho
525,Mudou de bairro/cidade/distância
144,Outras prioridades/trabalho
144,Outras prioridades/trabalho
672,Não se adaptou as aulas/não acompanhou
402,Desinteresse / Falta de retorno
402,Desinteresse / Falta de retorno
402,Desinteresse / Falta de retorno
839,Conflito com horário escolar / período integral
570,Mudou de bairro/cidade/distância
570,Mudou de bairro/cidade/distância
570,Mudou de bairro/cidade/distância
688,Mudou de bairro/cidade/distância
688,Mudou de bairro/cidade/distância
688,Mudou de bairro/cidade/distância
779,Desinteresse / Falta de retorno
92,Conflito com horário escolar / período integral
779,Desinteresse / Falta de retorno
961,Conflito com horário escolar / período integral
647,Outras prioridades/trabalho
961,Conflito com horário escolar / período integral
961,Conflito com horário escolar / período integral
582,Outras prioridades/trabalho
2,Desinteresse / Falta de retorno
398,Desinteresse / Falta de retorno
345,Mudou de bairro/cidade/distância
527,Mudou de bairro/cidade/distância
514,Conhecimento acima da fase atual
177,Falta de retorno as nossas tentativas de contato
177,Falta de retorno as nossas tentativas de contato
177,Falta de retorno as nossas tentativas de contato
177,Falta de retorno as nossas tentativas de contato
707,Conflito com horário escolar / período integral
707,Conflito com horário escolar / período integral
707,Conflito com horário escolar / período integral
686,Mudou de bairro/cidade/distância
527,Mudou de bairro/cidade/distância
733,Falta de retorno as nossas tentativas de contato
486,Conhecimento acima da fase atual
983,Falta de retorno as nossas tentativas de contato
983,Falta de retorno as nossas tentativas de contato
983,Falta de retorno as nossas tentativas de contato
762,Mudou de bairro/cidade/distância
385,Conflito com horário escolar / período integral
829,Mudou de bairro/cidade/distância
829,Mudou de bairro/cidade/distância
828,Mudou de bairro/cidade/distância
828,Mudou de bairro/cidade/distância
629,Mudou de bairro/cidade/distância
629,Mudou de bairro/cidade/distância
629,Mudou de bairro/cidade/distância
629,Mudou de bairro/cidade/distância
504,Falta de retorno as nossas tentativas de contato
504,Falta de retorno as nossas tentativas de contato
504,Falta de retorno as nossas tentativas de contato
769,Desinteresse / Falta de retorno
829,Mudou de bairro/cidade/distância
828,Mudou de bairro/cidade/distância
8,Conflito com horário escolar / período integral
768,Desinteresse / Falta de retorno
279,Falta de retorno as nossas tentativas de contato
565,Desinteresse / Falta de retorno
1134,Não se adaptou as aulas/não acompanhou
1134,Não se adaptou as aulas/não acompanhou
1134,Não se adaptou as aulas/não acompanhou
1149,Não se adaptou as aulas/não acompanhou
1149,Não se adaptou as aulas/não acompanhou
1149,Não se adaptou as aulas/não acompanhou
1155,Mudou de bairro/cidade/distância
1155,Mudou de bairro/cidade/distância
1155,Mudou de bairro/cidade/distância
1155,Mudou de bairro/cidade/distância
1168,Falta de retorno as nossas tentativas de contato
1168,Falta de retorno as nossas tentativas de contato
1168,Falta de retorno as nossas tentativas de contato
1168,Falta de retorno as nossas tentativas de contato
1178,Mudou de bairro/cidade/distância
1178,Mudou de bairro/cidade/distância
1178,Mudou de bairro/cidade/distância
1180,Falta de retorno as nossas tentativas de contato
1180,Falta de retorno as nossas tentativas de contato
1180,Falta de retorno as nossas tentativas de contato
1185,Falta de retorno as nossas tentativas de contato
1185,Falta de retorno as nossas tentativas de contato
1185,Falta de retorno as nossas tentativas de contato
1207,Outras prioridades/trabalho
1207,Outras prioridades/trabalho
1207,Outras prioridades/trabalho
1210,Não se adaptou as aulas/não acompanhou
1210,Não se adaptou as aulas/não acompanhou
1210,Não se adaptou as aulas/não acompanhou
1221,Não se adaptou as aulas/não acompanhou
1221,Não se adaptou as aulas/não acompanhou
1221,Não se adaptou as aulas/não acompanhou
1240,Conflito com horário escolar / período integral
1240,Conflito com horário escolar / período integral
1240,Conflito com horário escolar / período integral
1240,Conflito com horário escolar / período integral
1244,Desinteresse / Falta de retorno
1244,Desinteresse / Falta de retorno
1244,Desinteresse / Falta de retorno
1245,Falta de retorno as nossas tentativas de contato
1244,Desinteresse / Falta de retorno
1245,Falta de retorno as nossas tentativas de contato
1245,Falta de retorno as nossas tentativas de contato
1248,Falta de retorno as nossas tentativas de contato
1248,Falta de retorno as nossas tentativas de contato
1248,Falta de retorno as nossas tentativas de contato
1252,Mudou de bairro/cidade/distância
1252,Mudou de bairro/cidade/distância
1252,Mudou de bairro/cidade/distância
1257,Falta de retorno as nossas tentativas de contato
1257,Falta de retorno as nossas tentativas de contato
1259,Mudou de bairro/cidade/distância
1259,Mudou de bairro/cidade/distância
1259,Falta de retorno as nossas tentativas de contato
1263,Não se adaptou as aulas/não acompanhou
1263,Não se adaptou as aulas/não acompanhou
1263,Não se adaptou as aulas/não acompanhou
1267,Falta de retorno as nossas tentativas de contato
1270,Falta de retorno as nossas tentativas de contato
1270,Falta de retorno as nossas tentativas de contato
1282,Conflito com horário escolar / período integral
1282,Conflito com horário escolar / período integral
1284,Outras prioridades/trabalho
1284,Outras prioridades/trabalho
1284,Outras prioridades/trabalho
1287,Falta de retorno as nossas tentativas de contato
1287,Falta de retorno as nossas tentativas de contato
1287,Falta de retorno as nossas tentativas de contato
1290,Falta de retorno as nossas tentativas de contato
1290,Falta de retorno as nossas tentativas de contato
1290,Falta de retorno as nossas tentativas de contato
1267,Falta de retorno as nossas tentativas de contato
1292,Não se adaptou as aulas/não acompanhou
1292,Não se adaptou as aulas/não acompanhou
1292,Não se adaptou as aulas/não acompanhou
1296,Falta de retorno as nossas tentativas de contato
1296,Falta de retorno as nossas tentativas de contato
1296,Falta de retorno as nossas tentativas de contato
1296,Falta de retorno as nossas tentativas de contato
258,Não se adaptou as aulas/não acompanhou
1221,Não se adaptou as aulas/não acompanhou
634,Mudou de bairro/cidade/distância
1245,Falta de retorno as nossas tentativas de contato
258,Não se adaptou as aulas/não acompanhou
258,Não se adaptou as aulas/não acompanhou
258,Não se adaptou as aulas/não acompanhou
634,Mudou de bairro/cidade/distância
634,Mudou de bairro/cidade/distância
1252,Mudou de bairro/cidade/distância
1282,Conflito com horário escolar / período integral
1282,Conflito com horário escolar / período integral
1287,Falta de retorno as nossas tentativas de contato
1257,Falta de retorno as nossas tentativas de contato
224,Conflito com horário escolar / período integral
1180,Falta de retorno as nossas tentativas de contato
632,Falta de retorno as nossas tentativas de contato
632,Falta de retorno as nossas tentativas de contato
632,Falta de retorno as nossas tentativas de contato
1270,Falta de retorno as nossas tentativas de contato
1270,Falta de retorno as nossas tentativas de contato
1037,Mudou de bairro/cidade/distância
1159,Conflito com horário escolar / período integral
1244,Desinteresse / Falta de retorno
1210,Não se adaptou as aulas/não acompanhou
1210,Não se adaptou as aulas/não acompanhou
1210,Não se adaptou as aulas/não acompanhou
643,Sem condição financeira para o transporte público
638,Sem responsável p/ levar a criança até a unidade
364,Sem condição financeira para o transporte público
1026,Mudou de bairro/cidade/distância
616,Mudou de bairro/cidade/distância
1208,Sem condição financeira para o transporte público
215,Sem condição financeira para o transporte público
1053,Conhecimento acima da fase atual
726,Conhecimento acima da fase atual
375,Sem condição financeira para o transporte público
895,Conhecimento acima da fase atual
1043,Conhecimento acima da fase atual
714,Outras prioridades/trabalho
672,Conhecimento acima da fase atual
1231,Conhecimento acima da fase atual
923,Conhecimento acima da fase atual
906,Conhecimento acima da fase atual
989,Conhecimento acima da fase atual
1012,Conhecimento acima da fase atual
1176,Sem responsável p/ levar a criança até a unidade
960,Mudou de bairro/cidade/distância
997,Conhecimento acima da fase atual
1298,Mudou de bairro/cidade/distância
700,Falta de retorno as nossas tentativas de contato
682,Conhecimento acima da fase atual
791,Conhecimento acima da fase atual
815,Conhecimento acima da fase atual
963,Excesso de faltas
671,Conhecimento acima da fase atual
417,Outras prioridades/trabalho
1292,Falta de retorno as nossas tentativas de contato
1163,Desinteresse / Falta de retorno
450,Conhecimento acima da fase atual
626,Conhecimento acima da fase atual
809,Conhecimento acima da fase atual
652,Sem responsável p/ levar a criança até a unidade
184,Falta de retorno as nossas tentativas de contato
188,Mudou de bairro/cidade/distância
850,Sem responsável p/ levar a criança até a unidade
217,Problemas de Saúde
1299,Mudou de bairro/cidade/distância
1300,Mudou de bairro/cidade/distância
660,Conhecimento acima da fase atual
1087,Excesso de atividades
342,Falta de retorno as nossas tentativas de contato
875,Conhecimento acima da fase atual
811,Sem responsável p/ levar a criança até a unidade
1169,Mudou de bairro/cidade/distância
786,Sem responsável p/ levar a criança até a unidade
230,Conhecimento acima da fase atual
1186,Conhecimento acima da fase atual
1226,Idade incompatível com a fase atual
1204,Conhecimento acima da fase atual
488,Conhecimento acima da fase atual
1209,Excesso de atividades
207,Outras prioridades/trabalho
1281,Excesso de atividades
518,Sem condição financeira para o transporte público
1166,Sem condição financeira para o transporte público
1206,Outras prioridades/trabalho
907,Sem condição financeira para o transporte público
1247,Problemas de Saúde
1266,Sem responsável p/ levar a criança até a unidade
334,Excesso de atividades
312,Problemas de Saúde
1302,Sem responsável p/ levar a criança até a unidade
356,Outras prioridades/trabalho
1303,Outras prioridades/trabalho
1011,Problemas de Saúde
303,Sem condição financeira para o transporte público
1106,Outras prioridades/trabalho
526,Conhecimento acima da fase atual
575,Mudou de bairro/cidade/distância
492,Excesso de faltas
877,Suspensão - Comportamento inadequado
394,Falta de retorno as nossas tentativas de contato
418,Excesso de faltas
433,Conflito com horário escolar / período integral
1289,Idade incompatível com a fase atual
491,Conflito com horário escolar / período integral
878,Conhecimento acima da fase atual
645,Sem responsável p/ levar a criança até a unidade
371,Mudou de bairro/cidade/distância
1256,Sem responsável p/ levar a criança até a unidade
824,Conhecimento acima da fase atual
1113,Conhecimento acima da fase atual
1291,Mudou de bairro/cidade/distância
650,Mudou de bairro/cidade/distância
691,Conhecimento acima da fase atual
90,Conhecimento acima da fase atual
1286,Sem condição financeira para o transporte público
3,Outras prioridades/trabalho
126,Mudou de bairro/cidade/distância
758,Não se adaptou as aulas/não acompanhou
122,Outras prioridades/trabalho
1279,Sem responsável p/ levar a criança até a unidade
962,Conhecimento acima da fase atual
1069,Excesso de faltas
1132,Falta de retorno as nossas tentativas de contato
818,Conhecimento acima da fase atual
476,Conhecimento acima da fase atual
604,Sem responsável p/ levar a criança até a unidade
282,Conhecimento acima da fase atual
295,Mudou de bairro/cidade/distância
308,Excesso de atividades
1020,Não se adaptou as aulas/não acompanhou
1165,Outras prioridades/trabalho
1141,Conhecimento acima da fase atual
501,Outras prioridades/trabalho
95,Conhecimento acima da fase atual
988,Outras prioridades/trabalho
1229,Iniciou curso superior sem auxílio da Passos
1232,Iniciou curso superior sem auxílio da Passos
273,Conhecimento acima da fase atual
1171,Excesso de faltas
221,Falta de retorno as nossas tentativas de contato
257,Outras prioridades/trabalho
421,Falta de retorno as nossas tentativas de contato
590,Falta de retorno as nossas tentativas de contato
1040,Excesso de faltas
1192,Outras prioridades/trabalho
506,Outras prioridades/trabalho
347,Conflito com horário escolar / período integral
986,Sem responsável p/ levar a criança até a unidade
1198,Sem responsável p/ levar a criança até a unidade
196,Excesso de faltas
1008,Excesso de faltas
1124,Desinteresse / Falta de retorno
1304,Mudou de bairro/cidade/distância
423,Excesso de faltas
307,Desinteresse / Falta de retorno
1150,Excesso de faltas
109,Outras prioridades/trabalho
1161,Outras prioridades/trabalho
1174,Sem condição financeira para o transporte público
910,Conhecimento acima da fase atual
382,Conhecimento acima da fase atual
1272,Sem responsável p/ levar a criança até a unidade
502,Conhecimento acima da fase atual
1195,Sem responsável p/ levar a criança até a unidade
644,Conhecimento acima da fase atual
1027,Excesso de faltas
329,Outras prioridades/trabalho
1050,Excesso de faltas
1121,Falta de retorno as nossas tentativas de contato
1103,Conhecimento acima da fase atual
1122,Falta de retorno as nossas tentativas de contato
333,Desinteresse / Falta de retorno
355,Excesso de atividades
560,Conhecimento acima da fase atual
1255,Conflito com horário escolar / período integral
1172,Não se adaptou as aulas/não acompanhou
1275,Sem responsável p/ levar a criança até a unidade
1277,Sem responsável p/ levar a criança até a unidade
462,Excesso de faltas
817,Excesso de faltas
205,Sem responsável p/ levar a criança até a unidade
1311,Mudou de bairro/cidade/distância
1310,Idade incompatível com a fase atual
1288,Sem responsável p/ levar a criança até a unidade
1312,Conhecimento acima da fase atual
1314,Idade incompatível com a fase atual
211,Conhecimento acima da fase atual
1315,Sem responsável p/ levar a criança até a unidade
451,Sem responsável p/ levar a criança até a unidade
209,Falta de retorno as nossas tentativas de contato
210,Falta de retorno as nossas tentativas de contato
1319,Mudou de bairro/cidade/distância
1320,Mudou de bairro/cidade/distância
1323,Conhecimento acima da fase atual
1328,Desinteresse / Falta de retorno
1330,Excesso de faltas
1331,Problemas de Saúde
435,Falta de retorno as nossas tentativas de contato
1216,Outras prioridades/trabalho
1337,Excesso de atividades
153,Outras prioridades/trabalho
540,Conflito com horário escolar / período integral
1340,Sem responsável p/ levar a criança até a unidade
1347,Mudou de bairro/cidade/distância
1359,Idade incompatível com a fase atual
1362,Mudou de bairro/cidade/distância
1363,Excesso de faltas
2,Excesso de atividades
1369,Sem responsável p/ levar a criança até a unidade
1370,Falta de retorno as nossas tentativas de contato
1371,Mudou de bairro/cidade/distância
1373,Falta de retorno as nossas tentativas de contato
1378,Sem responsável p/ levar a criança até a unidade
1386,Excesso de faltas
1387,Sem responsável p/ levar a criança até a unidade
1391,Excesso de atividades
1393,Sem responsável p/ levar a criança até a unidade
1402,Não se adaptou as aulas/não acompanhou
1404,Problemas de Saúde
1409,Sem responsável p/ levar a criança até a unidade
1389,Mudou de bairro/cidade/distância
903,Excesso de atividades
1411,Excesso de faltas
1413,Excesso de atividades
1422,Falta de retorno as nossas tentativas de contato
503,Falta de retorno as nossas tentativas de contato
1430,Não se adaptou as aulas/não acompanhou
1432,Sem condição financeira para o transporte público
1433,Desinteresse / Falta de retorno
1436,Outras prioridades/trabalho
415,Excesso de faltas
1442,Não se adaptou as aulas/não acompanhou
799,Outras prioridades/trabalho
1449,Conflito com horário escolar / período integral
1023,Sem responsável p/ levar a criança até a unidade
1469,Excesso de faltas
1472,Sem responsável p/ levar a criança até a unidade
1473,Sem condição financeira para o transporte público
1474,Sem condição financeira para o transporte público
1478,Problemas de Saúde
1480,Sem responsável p/ levar a criança até a unidade
1485,Excesso de faltas
1487,Falta de retorno as nossas tentativas de contato
1515,Mudou de bairro/cidade/distância
1530,Mudou de bairro/cidade/distância
1538,Excesso de faltas
1548,Outras prioridades/trabalho
333,Desinteresse / Falta de retorno
1563,Desinteresse / Falta de retorno
1567,Outras prioridades/trabalho
1578,Excesso de faltas
1583,Outras prioridades/trabalho
1586,Excesso de atividades
518,Sem condição financeira para o transporte público
1124,Desinteresse / Falta de retorno
1166,Sem condição financeira para o transporte público
1171,Excesso de faltas
221,Falta de retorno as nossas tentativas de contato
907,Sem condição financeira para o transporte público
1242,Mudou de bairro/cidade/distância
1266,Sem responsável p/ levar a criança até a unidade
1591,Mudou de bairro/cidade/distância
334,Excesso de atividades
312,Problemas de Saúde
1592,Mudou de bairro/cidade/distância
421,Falta de retorno as nossas tentativas de contato
590,Falta de retorno as nossas tentativas de contato
1302,Sem responsável p/ levar a criança até a unidade
356,Outras prioridades/trabalho
1303,Outras prioridades/trabalho
1040,Excesso de faltas
1596,Conflito com horário escolar / período integral
933,Idade incompatível com a fase atual
1192,Outras prioridades/trabalho
1011,Problemas de Saúde
1195,Sem responsável p/ levar a criança até a unidade
303,Sem condição financeira para o transporte público
307,Desinteresse / Falta de retorno
1106,Outras prioridades/trabalho
457,Outras prioridades/trabalho
501,Outras prioridades/trabalho
1604,Excesso de faltas
492,Excesso de faltas
347,Excesso de faltas
435,Falta de retorno as nossas tentativas de contato
355,Excesso de atividades
850,Sem responsável p/ levar a criança até a unidade
217,Problemas de Saúde
513,Suspensão - Comportamento inadequado
513,Suspensão - Comportamento inadequado
792,Excesso de faltas
258,Conhecimento acima da fase atual
392,Outras prioridades/trabalho
1622,Outras prioridades/trabalho
342,Falta de retorno as nossas tentativas de contato
295,Mudou de bairro/cidade/distância
1629,Excesso de faltas
1631,Conhecimento acima da fase atual
1632,Mudou de bairro/cidade/distância
1247,Problemas de Saúde
1304,Mudou de bairro/cidade/distância
1206,Outras prioridades/trabalho
153,Outras prioridades/trabalho
540,Conflito com horário escolar / período integral
988,Outras prioridades/trabalho
1150,Excesso de faltas
122,Outras prioridades/trabalho
109,Outras prioridades/trabalho
758,Não se adaptou as aulas/não acompanhou
3,Outras prioridades/trabalho
1161,Outras prioridades/trabalho
1174,Sem condição financeira para o transporte público
657,Sem condição financeira para o transporte público
32,Falta de retorno as nossas tentativas de contato
1660,Não se adaptou as aulas/não acompanhou
1432,Sem condição financeira para o transporte público
1402,Não se adaptou as aulas/não acompanhou
1422,Falta de retorno as nossas tentativas de contato
1409,Sem responsável p/ levar a criança até a unidade
1442,Não se adaptou as aulas/não acompanhou
1478,Problemas de Saúde
1370,Falta de retorno as nossas tentativas de contato
1586,Excesso de atividades
1632,Mudou de bairro/cidade/distância
1549,Outras prioridades/trabalho
1063,Conhecimento acima da fase atual
1622,Outras prioridades/trabalho
1652,Excesso de faltas
1650,Excesso de atividades
275,Excesso de faltas
275,Excesso de faltas
1404,Problemas de Saúde
1029,Conhecimento acima da fase atual
1567,Outras prioridades/trabalho
1582,Falta de retorno as nossas tentativas de contato
1276,Conhecimento acima da fase atual
1669,Sem responsável p/ levar a criança até a unidade
1674,Idade incompatível com a fase atual
1682,Mudou de bairro/cidade/distância
1683,Mudou de bairro/cidade/distância
1685,Excesso de faltas
864,Excesso de atividades
1037,Sem responsável p/ levar a criança até a unidade
1233,Não se adaptou as aulas/não acompanhou
162,Conflito com horário escolar / período integral
819,Falta de retorno as nossas tentativas de contato
1582,Excesso de faltas
162,Outras prioridades/trabalho
153,Outras prioridades/trabalho
435,Falta de retorno as nossas tentativas de contato
1622,Outras prioridades/trabalho
1402,Não se adaptou as aulas/não acompanhou
1436,Outras prioridades/trabalho
988,Outras prioridades/trabalho
116,Excesso de faltas
158,Outras prioridades/trabalho
1323,Conhecimento acima da fase atual
122,Outras prioridades/trabalho
1161,Outras prioridades/trabalho
3,Outras prioridades/trabalho
109,Outras prioridades/trabalho
1548,Outras prioridades/trabalho
758,Não se adaptou as aulas/não acompanhou
799,Outras prioridades/trabalho
1174,Sem condição financeira para o transporte público
32,Falta de retorno as nossas tentativas de contato
784,Conflito com horário escolar / período integral
1066,Excesso de faltas
909,Conhecimento acima da fase atual
608,Mudou de bairro/cidade/distância
759,Excesso de faltas
867,Conhecimento acima da fase atual
1359,Sem responsável p/ levar a criança até a unidade
1424,Conflito com horário escolar / período integral
347,Excesso de faltas
491,Conhecimento acima da fase atual
917,Outras prioridades/trabalho
116,Excesso de faltas
906,Mudou de bairro/cidade/distância
362,Mudou de bairro/cidade/distância
1525,Excesso de faltas
1525,Excesso de faltas
1148,Excesso de faltas
143,Outras prioridades/trabalho
143,Outras prioridades/trabalho
1110,Mudou de bairro/cidade/distância
1417,Excesso de faltas
1427,Sem responsável p/ levar a criança até a unidade
1661,Sem responsável p/ levar a criança até a unidade
287,Conhecimento acima da fase atual
1441,Mudou de bairro/cidade/distância
1441,Mudou de bairro/cidade/distância
1671,Sem responsável p/ levar a criança até a unidade
126,Mudou de bairro/cidade/distância
600,Conhecimento acima da fase atual
1652,Excesso de faltas
1463,Falta de retorno as nossas tentativas de contato
1463,Falta de retorno as nossas tentativas de contato
1238,Conhecimento acima da fase atual
1053,Sem responsável p/ levar a criança até a unidade
1631,Sem responsável p/ levar a criança até a unidade
1063,Excesso de faltas
162,Outras prioridades/trabalho
162,Outras prioridades/trabalho
1087,Excesso de atividades
116,Excesso de faltas
503,Falta de retorno as nossas tentativas de contato
329,Outras prioridades/trabalho
1027,Excesso de faltas
451,Sem responsável p/ levar a criança até a unidade
188,Mudou de bairro/cidade/distância
207,Outras prioridades/trabalho
423,Excesso de faltas
799,Outras prioridades/trabalho
512,Excesso de faltas
1682,Mudou de bairro/cidade/distância
1683,Mudou de bairro/cidade/distância
1320,Mudou de bairro/cidade/distância
1685,Excesso de faltas
308,Excesso de atividades
1650,Excesso de atividades
1433,Desinteresse / Falta de retorno
257,Outras prioridades/trabalho
506,Outras prioridades/trabalho
394,Falta de retorno as nossas tentativas de contato
1563,Desinteresse / Falta de retorno
1583,Outras prioridades/trabalho
1578,Excesso de faltas
1037,Sem responsável p/ levar a criança até a unidade
1165,Outras prioridades/trabalho
210,Falta de retorno as nossas tentativas de contato
209,Falta de retorno as nossas tentativas de contato
1232,Iniciou curso superior sem auxílio da Passos
1229,Iniciou curso superior sem auxílio da Passos
1319,Mudou de bairro/cidade/distância
917,Outras prioridades/trabalho
1281,Excesso de atividades
32,Falta de retorno as nossas tentativas de contato
205,Sem responsável p/ levar a criança até a unidade
2,Falta de retorno as nossas tentativas de contato
1229,Iniciou curso superior sem auxílio da Passos
1232,Iniciou curso superior sem auxílio da Passos
1548,Outras prioridades/trabalho
5,Outras prioridades/trabalho
1209,Excesso de atividades
392,Outras prioridades/trabalho
877,Suspensão - Comportamento inadequado
1563,Desinteresse / Falta de retorno
451,Mudou de bairro/cidade/distância
1404,Problemas de Saúde
1173,Sem condição financeira para o transporte público
355,Excesso de atividades
209,Falta de retorno as nossas tentativas de contato
210,Falta de retorno as nossas tentativas de contato
590,Outras prioridades/trabalho
403,Falta de retorno as nossas tentativas de contato
439,Falta de retorno as nossas tentativas de contato
142,Outras prioridades/trabalho
569,Mudou de bairro/cidade/distância
1192,Outras prioridades/trabalho
1674,Excesso de faltas
1674,Excesso de faltas
691,Excesso de faltas
418,Excesso de faltas
418,Outras prioridades/trabalho
1692,Sem responsável p/ levar a criança até a unidade
448,Outras prioridades/trabalho
1695,Excesso de atividades
1649,Excesso de faltas
1686,Excesso de faltas
1695,Excesso de atividades
1698,Sem condição financeira para o transporte público
557,Falta de retorno as nossas tentativas de contato
448,Outras prioridades/trabalho
502,Excesso de faltas
301,Sem responsável p/ levar a criança até a unidade
536,Excesso de faltas
1093,Conflito com horário escolar / período integral
1286,Sem condição financeira para o transporte público
1286,Sem condição financeira para o transporte público
1705,Falta de retorno as nossas tentativas de contato
1706,Falta de retorno as nossas tentativas de contato
182,Excesso de faltas
451,Falta de retorno as nossas tentativas de contato
424,Falta de retorno as nossas tentativas de contato
423,Falta de retorno as nossas tentativas de contato
1022,Outras prioridades/trabalho
877,Suspensão - Comportamento inadequado
1025,Outras prioridades/trabalho
492,Falta de retorno as nossas tentativas de contato
403,Falta de retorno as nossas tentativas de contato
515,Falta de retorno as nossas tentativas de contato
566,Falta de retorno as nossas tentativas de contato
142,Excesso de atividades
1707,Sem condição financeira para o transporte público
1707,Sem condição financeira para o transporte público
1436,Outras prioridades/trabalho
877,Suspensão - Comportamento inadequado
332,Outras prioridades/trabalho
332,Outras prioridades/trabalho
575,Mudou de bairro/cidade/distância
1366,Excesso de atividades
1300,Mudou de bairro/cidade/distância
1018,Excesso de faltas
1323,Conhecimento acima da fase atual
885,Não se adaptou as aulas/não acompanhou
885,Não se adaptou as aulas/não acompanhou
1714,Sem responsável p/ levar a criança até a unidade
1716,Mudou de bairro/cidade/distância
1727,Excesso de faltas
1728,Excesso de faltas
1705,Falta de retorno as nossas tentativas de contato
1728,Excesso de faltas
1186,Desinteresse / Falta de retorno
1186,Desinteresse / Falta de retorno
1134,Excesso de atividades
1686,Conflito com horário escolar / período integral
1701,Sem responsável p/ levar a criança até a unidade
1125,Sem responsável p/ levar a criança até a unidade
1045,Conflito com horário escolar / período integral
2,Falta de retorno as nossas tentativas de contato
1686,Excesso de faltas
1745,Sem responsável p/ levar a criança até a unidade
1655,Excesso de faltas
1655,Excesso de faltas
1752,Excesso de faltas
1755,Sem responsável p/ levar a criança até a unidade
1757,Sem responsável p/ levar a criança até a unidade
1758,Sem condição financeira para o transporte público
935,Sem responsável p/ levar a criança até a unidade
1158,Sem responsável p/ levar a criança até a unidade
273,Falta de retorno as nossas tentativas de contato
273,Falta de retorno as nossas tentativas de contato
1779,Sem responsável p/ levar a criança até a unidade
1780,Excesso de atividades
1783,Sem responsável p/ levar a criança até a unidade
1786,Sem responsável p/ levar a criança até a unidade
1791,Desinteresse / Falta de retorno
1793,Sem responsável p/ levar a criança até a unidade
1159,Excesso de faltas
1159,Excesso de faltas
1780,Excesso de atividades
302,Desinteresse / Falta de retorno
302,Desinteresse / Falta de retorno
1791,Desinteresse / Falta de retorno
1261,Excesso de atividades
1793,Sem responsável p/ levar a criança até a unidade
1779,Sem responsável p/ levar a criança até a unidade
1448,Outras prioridades/trabalho
1448,Outras prioridades/trabalho
1450,Mudou de bairro/cidade/distância
1450,Mudou de bairro/cidade/distância
1450,Mudou de bairro/cidade/distância
272,Problemas de Saúde
1561,Excesso de faltas
1809,Sem responsável p/ levar a criança até a unidade
1549,Outras prioridades/trabalho
110,Outras prioridades/trabalho
110,Outras prioridades/trabalho
457,Outras prioridades/trabalho
1620,Excesso de atividades
1620,Excesso de atividades
1620,Excesso de atividades
512,Excesso de faltas
1418,Conflito com horário escolar / período integral
1760,Sem responsável p/ levar a criança até a unidade
1494,Mudou de bairro/cidade/distância
1714,Sem responsável p/ levar a criança até a unidade
243,Suspensão - Comportamento inadequado
526,Suspensão - Comportamento inadequado
255,Excesso de atividades
123,Sem condição financeira para o transporte público
1769,Conhecimento acima da fase atual
1139,Desinteresse / Falta de retorno
1140,Sem condição financeira para o transporte público
1039,Excesso de atividades
1016,Não se adaptou as aulas/não acompanhou
812,Outras prioridades/trabalho
1646,Conhecimento acima da fase atual
1736,Desinteresse / Falta de retorno
846,Problemas de Saúde
1046,Sem condição financeira para o transporte público
1341,Conhecimento acima da fase atual
1788,Conhecimento acima da fase atual
1113,Conhecimento acima da fase atual
878,Conhecimento acima da fase atual
599,Conhecimento acima da fase atual
726,Conhecimento acima da fase atual
1390,Sem responsável p/ levar a criança até a unidade
1390,Sem responsável p/ levar a criança até a unidade
1388,Conhecimento acima da fase atual
615,Conhecimento acima da fase atual
191,Conhecimento acima da fase atual
1511,Sem condição financeira para o transporte público
1759,Mudou de bairro/cidade/distância
1612,Sem responsável p/ levar a criança até a unidade
150,Mudou de bairro/cidade/distância
158,Outras prioridades/trabalho
879,Outras prioridades/trabalho
150,Mudou de bairro/cidade/distância
158,Outras prioridades/trabalho
1477,Desinteresse / Falta de retorno
1477,Desinteresse / Falta de retorno
1434,Excesso de atividades
245,Outras prioridades/trabalho
245,Outras prioridades/trabalho
1710,Sem responsável p/ levar a criança até a unidade
1710,Sem responsável p/ levar a criança até a unidade
1136,Sem responsável p/ levar a criança até a unidade
1111,Desinteresse / Falta de retorno
1111,Desinteresse / Falta de retorno
235,Outras prioridades/trabalho
235,Outras prioridades/trabalho
225,Sem responsável p/ levar a criança até a unidade
597,Sem responsável p/ levar a criança até a unidade
1421,Outras prioridades/trabalho
1461,Sem condição financeira para o transporte público
1461,Sem condição financeira para o transporte público
682,Conhecimento acima da fase atual
1778,Outras prioridades/trabalho
1193,Desinteresse / Falta de retorno
1193,Desinteresse / Falta de retorno
1730,Não gostou dos professores / metodologia Passos
1641,Conhecimento acima da fase atual
69,Iniciou curso superior sem auxílio da Passos
69,Iniciou curso superior sem auxílio da Passos
1182,Mudou de bairro/cidade/distância
1182,Mudou de bairro/cidade/distância
1734,Desinteresse / Falta de retorno
966,Mudou de bairro/cidade/distância
1662,Mudou de bairro/cidade/distância
635,Sem responsável p/ levar a criança até a unidade
1542,Mudou de bairro/cidade/distância
1702,Desinteresse / Falta de retorno
879,Outras prioridades/trabalho
1824,Excesso de atividades
868,Excesso de faltas
992,Conhecimento acima da fase atual
640,Excesso de atividades
1044,Conhecimento acima da fase atual
1316,Sem responsável p/ levar a criança até a unidade
1339,Sem responsável p/ levar a criança até a unidade
678,Sem responsável p/ levar a criança até a unidade
1484,Mudou de bairro/cidade/distância
649,Excesso de atividades
1410,Excesso de atividades
804,Excesso de atividades
621,Desinteresse / Falta de retorno
1257,Desinteresse / Falta de retorno
453,Conflito com horário escolar / período integral
453,Conflito com horário escolar / período integral
1408,Sem responsável p/ levar a criança até a unidade
1479,Mudou de bairro/cidade/distância
1479,Mudou de bairro/cidade/distância
848,Suspensão - Comportamento inadequado
1085,Excesso de faltas
1085,Excesso de faltas
974,Conhecimento acima da fase atual
1562,Desinteresse / Falta de retorno
1785,Conhecimento acima da fase atual
851,Conhecimento acima da fase atual
1559,Outras prioridades/trabalho
1407,Mudou de bairro/cidade/distância
432,Conhecimento acima da fase atual
300,Desinteresse / Falta de retorno
300,Desinteresse / Falta de retorno
572,Conhecimento acima da fase atual
1808,Desinteresse / Falta de retorno
1338,Sem responsável p/ levar a criança até a unidade
1803,Conhecimento acima da fase atual
644,Não se adaptou as aulas/não acompanhou
1532,Sem responsável p/ levar a criança até a unidade
1658,Sem responsável p/ levar a criança até a unidade
848,Suspensão - Comportamento inadequado
225,Sem responsável p/ levar a criança até a unidade
625,Conhecimento acima da fase atual
407,Sem condição financeira para o transporte público
407,Sem condição financeira para o transporte público
1048,Sem condição financeira para o transporte público
1048,Sem condição financeira para o transporte público
1824,Excesso de atividades
1581,Sem responsável p/ levar a criança até a unidade
1581,Outras prioridades/trabalho
1580,Outras prioridades/trabalho
1580,Outras prioridades/trabalho
497,Sem responsável p/ levar a criança até a unidade
497,Sem responsável p/ levar a criança até a unidade
1617,Outras prioridades/trabalho
1617,Outras prioridades/trabalho
213,Outras prioridades/trabalho
213,Outras prioridades/trabalho
690,Conhecimento acima da fase atual
1253,Problemas de Saúde
1778,Outras prioridades/trabalho
331,Desinteresse / Falta de retorno
331,Desinteresse / Falta de retorno
1526,Conflito com horário escolar / período integral
1526,Conflito com horário escolar / período integral
1774,Desinteresse / Falta de retorno
1774,Desinteresse / Falta de retorno
348,Conflito com horário escolar / período integral
348,Conflito com horário escolar / período integral
841,Outras prioridades/trabalho
1167,Desinteresse / Falta de retorno
1167,Desinteresse / Falta de retorno
549,Desinteresse / Falta de retorno
549,Desinteresse / Falta de retorno
330,Outras prioridades/trabalho
330,Outras prioridades/trabalho
1564,Outras prioridades/trabalho
1564,Outras prioridades/trabalho
1688,Desinteresse / Falta de retorno
1688,Desinteresse / Falta de retorno
1434,Excesso de atividades
1580,Outras prioridades/trabalho
1581,Outras prioridades/trabalho
1588,Outras prioridades/trabalho
526,Suspensão - Comportamento inadequado
158,Outras prioridades/trabalho
255,Excesso de atividades
69,Iniciou curso superior sem auxílio da Passos
243,Suspensão - Comportamento inadequado
150,Mudou de bairro/cidade/distância
828,Mudou de bairro/cidade/distância
1117,Sem responsável p/ levar a criança até a unidade
1812,Sem responsável p/ levar a criança até a unidade
1821,Mudou de bairro/cidade/distância
760,Excesso de atividades
760,Excesso de atividades
1806,Outras prioridades/trabalho
841,Outras prioridades/trabalho
1184,Mudou de bairro/cidade/distância
1184,Mudou de bairro/cidade/distância
1647,Sem responsável p/ levar a criança até a unidade
1647,Sem responsável p/ levar a criança até a unidade
1732,Conhecimento acima da fase atual
829,Mudou de bairro/cidade/distância
1840,Sem responsável p/ levar a criança até a unidade
1842,Mudou de bairro/cidade/distância
1845,Mudou de bairro/cidade/distância
1851,Conhecimento acima da fase atual
1854,Sem responsável p/ levar a criança até a unidade
1858,Sem responsável p/ levar a criança até a unidade
1864,Sem responsável p/ levar a criança até a unidade
1869,Sem condição financeira para o transporte público
1893,Mudou de bairro/cidade/distância
1894,Mudou de bairro/cidade/distância
1901,Não gostou dos professores / metodologia Passos
1906,Desinteresse / Falta de retorno
1916,Falta de retorno as nossas tentativas de contato
1235,Conhecimento acima da fase atual
1925,Conhecimento acima da fase atual
1931,Excesso de atividades
1932,Conflito com horário escolar / período integral
1936,Sem responsável p/ levar a criança até a unidade
1942,Sem responsável p/ levar a criança até a unidade
1949,Conhecimento acima da fase atual
1962,Conflito com horário escolar / período integral
1936,Sem responsável p/ levar a criança até a unidade
1942,Sem responsável p/ levar a criança até a unidade
1970,Problemas de Saúde
1992,Conflito com horário escolar / período integral
2011,Desinteresse / Falta de retorno
2034,Desinteresse / Falta de retorno
2034,Desinteresse / Falta de retorno
2042,Mudou de bairro/cidade/distância
2059,Sem responsável p/ levar a criança até a unidade
1615,Conhecimento acima da fase atual
2082,Falta de retorno as nossas tentativas de contato
2084,Sem responsável p/ levar a criança até a unidade
2091,Conflito com horário escolar / período integral
480,Problemas de Saúde
2095,Excesso de atividades
2095,Excesso de atividades
2097,Conflito com horário escolar / período integral
2097,Conflito com horário escolar / período integral
2099,Sem responsável p/ levar a criança até a unidade
526,Suspensão - Comportamento inadequado
255,Excesso de atividades
243,Suspensão - Comportamento inadequado
1992,Conflito com horário escolar / período integral
1730,Não gostou dos professores / metodologia Passos
1421,Outras prioridades/trabalho
1627,Mudou de bairro/cidade/distância
1627,Sem condição financeira para o transporte público
1136,Sem responsável p/ levar a criança até a unidade
2109,Mudou de bairro/cidade/distância
869,Sem responsável p/ levar a criança até a unidade
869,Sem responsável p/ levar a criança até a unidade
1588,Outras prioridades/trabalho
1588,Outras prioridades/trabalho
621,Desinteresse / Falta de retorno
1253,Problemas de Saúde
1434,Excesso de atividades
1744,Mudou de bairro/cidade/distância
1581,Outras prioridades/trabalho
1949,Mudou de bairro/cidade/distância
1375,Suspensão - Comportamento inadequado
879,Outras prioridades/trabalho
601,Excesso de atividades
1559,Outras prioridades/trabalho
1241,Conhecimento acima da fase atual
1680,Desinteresse / Falta de retorno
1680,Desinteresse / Falta de retorno
1504,Sem responsável p/ levar a criança até a unidade
1036,Conhecimento acima da fase atual
1667,Sem responsável p/ levar a criança até a unidade
192,Outras prioridades/trabalho
192,Outras prioridades/trabalho
2114,Falta de retorno as nossas tentativas de contato
1058,Excesso de atividades
1572,Excesso de atividades
1024,Desinteresse / Falta de retorno
487,Desinteresse / Falta de retorno
576,Desinteresse / Falta de retorno
1033,Desinteresse / Falta de retorno
2095,Excesso de atividades
297,Desinteresse / Falta de retorno
225,Sem responsável p/ levar a criança até a unidade
192,Excesso de faltas
1711,Desinteresse / Falta de retorno
1182,Mudou de bairro/cidade/distância
281,Desinteresse / Falta de retorno
296,Desinteresse / Falta de retorno
1687,Desinteresse / Falta de retorno
1205,Sem condição financeira para o transporte público
2158,Sem responsável p/ levar a criança até a unidade
1062,Sem responsável p/ levar a criança até a unidade
2114,Falta de retorno as nossas tentativas de contato
1205,Sem condição financeira para o transporte público
2004,Sem responsável p/ levar a criança até a unidade
2168,Desinteresse / Falta de retorno
2168,Desinteresse / Falta de retorno
1627,Sem condição financeira para o transporte público
1627,Sem condição financeira para o transporte público
2178,Mudou de bairro/cidade/distância
2178,Mudou de bairro/cidade/distância
2178,Mudou de bairro/cidade/distância
2187,Outras prioridades/trabalho
2187,Outras prioridades/trabalho
2196,Excesso de atividades
2196,Excesso de atividades
2198,Excesso de atividades
2198,Excesso de atividades
2198,Excesso de atividades
731,Sem responsável p/ levar a criança até a unidade
2213,Excesso de atividades
2213,Excesso de atividades
2220,Mudou de bairro/cidade/distância
2220,Mudou de bairro/cidade/distância
1446,Outras prioridades/trabalho
1446,Outras prioridades/trabalho
668,Mudou de bairro/cidade/distância